Date,RSI,MACD
2020-01-02,0.7626898336639564,0.6730365870293396
2020-01-03,0.7626898336639564,0.6764308720099389
2020-01-06,0.7626898336639564,0.6747889361417068
2020-01-07,0.7626898336639564,0.6847705147402287
2020-01-08,0.7626898336639564,0.6900890518937712
2020-01-09,0.7626898336639564,0.6987189094011459
2020-01-10,0.7626898336639564,0.7131601518004648
2020-01-13,0.7626898336639564,0.7238594197928313
2020-01-14,0.7626898336639564,0.7371094581075157
2020-01-15,0.7626898336639564,0.7506283138450849
2020-01-16,0.7626898336639564,0.7666506819176705
2020-01-17,0.7626898336639564,0.7749006143571279
2020-01-20,0.7626898336639564,0.7792561296939431
2020-01-21,0.7626898336639564,0.7779059592761899
2020-01-22,0.7948304531438183,0.7833098602881192
2020-01-23,0.7838241035860247,0.7868395656075141
2020-01-24,0.855095958351228,0.791623495745177
2020-01-28,0.7053251295499345,0.7867579396572647
2020-01-29,0.7610044566506736,0.7863072272107097
2020-01-30,0.7694785093309212,0.7912150406022445
2020-01-31,0.7097171945918079,0.7922925656598415
2020-02-03,0.6415979838893725,0.7861732321005189
2020-02-04,0.5808922543264242,0.7781950492921628
2020-02-05,0.4687179920287849,0.7626154680560462
2020-02-06,0.4795044445409014,0.7568874340054341
2020-02-07,0.5456518379625774,0.7559434882507097
2020-02-10,0.5203462555953081,0.7504701285296838
2020-02-11,0.575479935065901,0.7484569344171024
2020-02-12,0.6811779497820288,0.7733322813983435
2020-02-13,0.6962123860358358,0.7960200907968416
2020-02-14,0.7436914841246985,0.830233592971037
2020-02-17,0.708756075399087,0.8431703031464146
2020-02-18,0.7136689947911163,0.8576820249278794
2020-02-19,0.5781722577606685,0.8477657402267667
2020-02-20,0.5860413368588422,0.8381632029897629
2020-02-21,0.6419389563550528,0.8362570953209778
2020-02-24,0.6178103704514012,0.8265097212735935
2020-02-25,0.6113390673895419,0.8077304694454802
2020-02-26,0.5311071297800847,0.7800365346741929
2020-02-27,0.48366891114865945,0.7498574632955336
2020-02-28,0.42453771652256816,0.7044191750186148
2020-03-02,0.3822172825435397,0.65812103812948
2020-03-03,0.22621165672884086,0.6112821366612611
2020-03-04,0.17596430500869298,0.5595013852581363
2020-03-05,0.06215524879818036,0.5173845391752243
2020-03-06,0.05487183607613957,0.46390064638737843
2020-03-09,0.0,0.38664884447282266
2020-03-10,0.18046460230132919,0.3626989473410386
2020-03-11,0.1428212937305851,0.30902914897550815
2020-03-12,0.08821521722987752,0.2285814620308388
2020-03-13,0.17541213178119625,0.1962721244398108
2020-03-16,0.14675782863814796,0.12397772107349081
2020-03-17,0.29775810922111196,0.13611182215623518
2020-03-18,0.2792082315035749,0.122609727415534
2020-03-19,0.2770060876068606,0.0946227927273543
2020-03-20,0.2787022234411681,0.07107788249491898
2020-03-23,0.25369966714646053,0.0148916374604523
2020-03-24,0.30234390052659094,0.0
2020-03-25,0.3689007001145712,0.03862858148940773
2020-03-26,0.3844438950268106,0.07138663419053848
2020-03-27,0.38914369699571083,0.07122835288006357
2020-03-30,0.4112337575816262,0.127613813738494
2020-03-31,0.43285594637713026,0.16119255331969395
2020-04-01,0.5008414146469437,0.20793695975598253
2020-04-02,0.44353427732987655,0.23067873519753818
2020-04-03,0.4996613475021114,0.24461761336742305
2020-04-06,0.42940623802809796,0.2790497449283997
2020-04-07,0.46669039996015843,0.30578013841564117
2020-04-08,0.479222265246854,0.3146470507187502
2020-04-09,0.520705690236307,0.3410709257112029
2020-04-14,0.6276956281788307,0.3733712331772936
2020-04-15,0.5793460402513434,0.39672502658289793
2020-04-16,0.47326644817643543,0.41177711589654464
2020-04-17,0.48077967739521005,0.4249686672846159
2020-04-20,0.5439521042802937,0.4288163679040752
2020-04-21,0.3486339334425026,0.4247469840628269
2020-04-22,0.418525513740061,0.42928230493057573
2020-04-23,0.33835048479967733,0.43229811426348763
2020-04-24,0.4060201807643937,0.43779906422006054
2020-04-27,0.4447624334541951,0.4447896947878516
2020-04-28,0.30687260965618235,0.4507364914128164
2020-04-29,0.46183512623602724,0.47734744353576153
2020-04-30,0.619864860719229,0.5132143096239261
2020-05-01,0.3856095675070822,0.5127458096358621
2020-05-04,0.38786019946843453,0.5224148616085122
2020-05-05,0.45050878006739176,0.5393636660886578
2020-05-06,0.4611649252629196,0.550219141888517
2020-05-07,0.4317297424579117,0.5515196604607044
2020-05-08,0.48481116392705,0.5566072460881525
2020-05-11,0.5545699640904985,0.5661826709622393
2020-05-12,0.5135865180920071,0.5715082079321886
2020-05-13,0.5716586866182295,0.5858364465844793
2020-05-14,0.4959360539283571,0.5826633556938958
2020-05-15,0.5183076284839142,0.58673276238636
2020-05-18,0.5043179029120329,0.5853790111623608
2020-05-19,0.4461062998301931,0.5912375868944023
2020-05-20,0.3970122827502438,0.6000751527577208
2020-05-21,0.5050668629160965,0.599779083312351
2020-05-22,0.43672478988131186,0.5976191873239737
2020-05-25,0.39684801053138663,0.5990755932113896
2020-05-26,0.538387515886756,0.619372848400588
2020-05-27,0.6907886866830434,0.6594889265320821
2020-05-28,0.7158277478831978,0.7023612569493021
2020-05-29,0.6138008404861284,0.7199869916508806
2020-06-01,0.6352242141633768,0.7344453447140951
2020-06-02,0.6085551144460226,0.7460994560769262
2020-06-03,0.7499417261301724,0.7708164145033527
2020-06-04,0.7649909384534042,0.8013024815517371
2020-06-05,0.8168594453887568,0.8321720928400086
2020-06-09,0.8478309703139255,0.8819351960888675
2020-06-10,0.8161758684909506,0.9138065752708066
2020-06-11,0.7306860668362667,0.9110892127711533
2020-06-12,0.7039323451583965,0.8974064308942484
2020-06-15,0.666622033360701,0.8760778538369255
2020-06-16,0.6739979768577824,0.8790768849426458
2020-06-17,0.6311706514199592,0.8830253558043903
2020-06-18,0.5830788278460926,0.879147563843061
2020-06-19,0.638991598879544,0.871155635721907
2020-06-22,0.6516328943079139,0.8686356006051182
2020-06-23,0.6343588809219722,0.861195727658671
2020-06-24,0.5916060314525886,0.8548801693190607
2020-06-25,0.49496124970598304,0.8353088678376417
2020-06-26,0.511348792490276,0.830913694017773
2020-06-29,0.3679838409799283,0.8202244139322319
2020-06-30,0.41979400584518994,0.8168029303174535
2020-07-01,0.5555413768814812,0.8161150036319726
2020-07-02,0.6522703071106736,0.8235758061897784
2020-07-03,0.723811446806372,0.8314156570854584
2020-07-06,0.6234503038044196,0.8345690366163614
2020-07-07,0.5890953963508713,0.8337779425978049
2020-07-08,0.5824913421924568,0.8259586241915569
2020-07-09,0.5951583124892474,0.816984565860812
2020-07-10,0.5678197423856465,0.8099708413289202
2020-07-13,0.6632105847975941,0.8146768808397385
2020-07-14,0.6281958531819394,0.8136712838923945
2020-07-15,0.7832330455384444,0.8191744288272457
2020-07-16,0.7227891423694977,0.821110158553736
2020-07-17,0.7906413776099134,0.8206235533664088
2020-07-20,0.6901927768027275,0.8137452573743388
2020-07-21,0.7653630154534907,0.8260133608678293
2020-07-22,0.6953379464198202,0.8315136695968176
2020-07-23,0.6399659045978489,0.8309384911109238
2020-07-24,0.583359854440663,0.821741983727065
2020-07-27,0.5701275649553837,0.809921411075511
2020-07-28,0.5986626301715969,0.7968901167655067
2020-07-29,0.6460357622742038,0.7915839454188902
2020-07-30,0.6460357622742038,0.7877333872756114
2020-07-31,0.4446041356299426,0.7674642140430533
2020-08-03,0.40429544301348513,0.7404827617423527
2020-08-04,0.43624757805539116,0.730967905703819
2020-08-05,0.45059902728402484,0.7244317724368001
2020-08-06,0.4528634132325292,0.7188041238526289
2020-08-07,0.47201417935737106,0.7123736115502926
2020-08-10,0.47304460402108334,0.7263056824853932
2020-08-11,0.5223788976978445,0.7422974667570712
2020-08-12,0.5238812008792008,0.7511956149322073
2020-08-13,0.4764699419346184,0.7421994991266129
2020-08-14,0.46411057973182773,0.7290743274994682
2020-08-17,0.4367072142136757,0.7102587862474752
2020-08-18,0.388960564527528,0.6928828598411503
2020-08-19,0.4060922636123887,0.6834635156870537
2020-08-20,0.4528365088416103,0.6698078011727836
2020-08-21,0.48096181479624983,0.6541726176303787
2020-08-24,0.3633067046997111,0.6367700988845627
2020-08-25,0.4377382539111014,0.6353894607866619
2020-08-26,0.40643163318486214,0.628421883165975
2020-08-27,0.3927998454586068,0.6188930354190632
2020-08-28,0.2431769761376023,0.6122022816055234
2020-08-31,0.1671178426149259,0.6012596446056577
2020-09-01,0.14659906612827975,0.5817427574307025
2020-09-02,0.24982782357043654,0.5739649500011377
2020-09-03,0.31123726000740115,0.5734996431546909
2020-09-04,0.2966030176416546,0.562823598166155
2020-09-07,0.34682720891895646,0.560767114568954
2020-09-08,0.3792884885476286,0.5692762171627097
2020-09-09,0.3487795906608271,0.5637061147525153
2020-09-10,0.36680468741117056,0.5600354504916651
2020-09-11,0.3588818655442861,0.5511851646602984
2020-09-14,0.2915220618625621,0.5485604234368497
2020-09-15,0.28172768613399707,0.5389237431920977
2020-09-16,0.3406928174116674,0.5381907404976314
2020-09-17,0.3178981249496744,0.5336276032512646
2020-09-18,0.3232207151017401,0.526668205119073
2020-09-21,0.3428106751771353,0.5160161773352911
2020-09-22,0.2776121589640533,0.5060656929194695
2020-09-23,0.31773104904694277,0.5096449239472872
2020-09-24,0.3653359600761671,0.5137586228165623
2020-09-25,0.4385361099411347,0.5340315453357883
2020-09-28,0.3522037701243308,0.5464470415915841
2020-09-29,0.40059082359301995,0.5539068587268142
2020-09-30,0.3483828636915535,0.5499789904964321
2020-10-01,0.40842703850726175,0.551698251610297
2020-10-02,0.3738276046604692,0.5519020487929192
2020-10-05,0.5383873582089387,0.5713607975359655
2020-10-06,0.5163746663886024,0.5890279721800336
2020-10-07,0.6087226150413152,0.6150361505213281
2020-10-08,0.6615948419651722,0.6403364967018963
2020-10-09,0.6900244948004975,0.6573738716454836
2020-10-12,0.7416451804675984,0.6780050592148321
2020-10-13,0.730852768613359,0.7001905817029073
2020-10-14,0.6906850158772321,0.7116584482268015
2020-10-15,0.6494285212894992,0.7250182586274698
2020-10-16,0.689329495533874,0.7345772083834594
2020-10-19,0.7462927966085329,0.747443264043263
2020-10-20,0.7881704282398471,0.7498080441144719
2020-10-21,0.7905746715461535,0.754969544609394
2020-10-22,0.7889561832602329,0.7553959239070793
2020-10-23,0.7402816072359293,0.7592908092383243
2020-10-26,0.7175763520372671,0.7598595849280015
2020-10-27,0.5730884337048165,0.7517378450772934
2020-10-28,0.5183669253534362,0.7421096499416289
2020-10-29,0.5248156666059124,0.7313320131500923
2020-10-30,0.5235128756127004,0.7291700774510372
2020-11-02,0.45712224485331426,0.7256525514081797
2020-11-03,0.578521722693838,0.7297960150957823
2020-11-04,0.4383784944659536,0.7212654294193217
2020-11-05,0.5197718249630114,0.7239782996271152
2020-11-06,0.4818098902375751,0.7264704987298768
2020-11-09,0.5697934305620224,0.7319188302168181
2020-11-10,0.6421682507082923,0.7520142666335194
2020-11-11,0.7294080748538261,0.7826458846859006
2020-11-12,0.632741088353551,0.7948972974487765
2020-11-13,0.6454619107402779,0.8036598118361705
2020-11-16,0.7389183173277238,0.8196929023966331
2020-11-17,0.7766060018505038,0.8376874679478488
2020-11-18,0.8302768453416538,0.8669597895457867
2020-11-19,0.8360696509356125,0.8981036493359861
2020-11-20,0.8576356817574847,0.9288590796490677
2020-11-23,0.8245873303864605,0.9468823742640291
2020-11-24,0.9206222413134048,0.9701966217962338
2020-11-25,0.9202651282862763,0.9946276770611333
2020-11-26,0.8480885457423638,1.0
2020-11-27,0.8226341352153088,0.9974834292722814
2020-11-30,0.7108704382217891,0.9788687261014098
2020-12-01,0.6941106365398826,0.970113835688277
2020-12-02,0.753360999003455,0.9586850312467157
2020-12-03,0.7236779933607815,0.9422129921646912
2020-12-04,0.7079190922339773,0.9311341145871175
2020-12-07,0.7000233858985748,0.9239332416835135
2020-12-08,0.6719350357053123,0.9238785466261316
2020-12-09,0.6733259397765265,0.9317914603705217
2020-12-10,0.6339419509849895,0.9343318006282086
2020-12-11,0.617437193763467,0.927818820280189
2020-12-14,0.616417622813942,0.9318898780405047
2020-12-15,0.5269194520222247,0.9254199418601026
2020-12-16,0.6255095477831687,0.9236318010298112
2020-12-17,0.6767363393728129,0.9262425737052062
2020-12-18,0.6816041925452192,0.913088390411837
2020-12-21,0.632333248444922,0.8987837554917131
2020-12-22,0.6064932845350104,0.8804254540506481
2020-12-23,0.6654976350751194,0.8696779775199244
2020-12-24,0.6424844325339647,0.8587798616215356
2020-12-29,0.653017112878628,0.8549132892168463
2020-12-30,0.5864230116631037,0.8464958628640301
2020-12-31,0.44103806006399054,0.8262416560079395
2021-01-04,0.5244761785865174,0.8215726797473761
2021-01-05,0.5329976553560283,0.8121172435992667
2021-01-06,0.4443830662552314,0.8005192446223038
2021-01-07,0.5652413014522767,0.8032410849478986
2021-01-08,0.5758876359243109,0.8121780972721111
2021-01-11,0.5158876559578122,0.8138843925689299
2021-01-12,0.6327383945495231,0.8192995297156466
2021-01-13,0.6463623812369993,0.8225858069250374
2021-01-14,0.6983872797642641,0.8262979906838043
2021-01-15,0.6075064131762135,0.8199607955463932
2021-01-18,0.5681398248561104,0.8077169008099387
2021-01-19,0.5500438480331304,0.8000625260451494
2021-01-20,0.5329978404887767,0.7867766130980182
2021-01-21,0.6582652597036796,0.7825702116989106
2021-01-22,0.5736935736202732,0.7762107786417847
2021-01-25,0.6192229319163527,0.7714734074623092
2021-01-27,0.6973793359675466,0.7771386141230533
2021-01-28,0.5265532827885006,0.7688660523071349
2021-01-29,0.38352777931733356,0.748425949408688
2021-02-01,0.47158429168985544,0.7407880773564437
2021-02-02,0.5268696952033285,0.7491087910562705
2021-02-03,0.5623485466822244,0.762654629436468
2021-02-04,0.5251073849013947,0.7680625365659566
2021-02-05,0.6224658059058223,0.7836886135217899
2021-02-08,0.657462671941658,0.7945124275430934
2021-02-09,0.5849460087406043,0.7921358310374038
2021-02-10,0.560580455262877,0.7786548205016264
2021-02-11,0.5599233830179321,0.7742302737979643
2021-02-12,0.5620228134772317,0.7681896793143579
2021-02-15,0.5444305332182482,0.7601623729946831
2021-02-16,0.4683658747509409,0.7475126415805433
2021-02-17,0.4621434550898447,0.7238864157897079
2021-02-18,0.4998197849240688,0.6995865570526537
2021-02-19,0.40506859534374223,0.6714836523683559
2021-02-22,0.2786781728895945,0.6446682545025674
2021-02-23,0.3030893544965255,0.6349545364281244
2021-02-24,0.3036664170805745,0.6237522631656315
2021-02-25,0.2613391731530669,0.6227993695744504
2021-02-26,0.21329399814477384,0.6057328331878716
2021-03-01,0.37505404192012404,0.6132575186744049
2021-03-02,0.4321703707943912,0.6228337473466304
2021-03-03,0.43130473654090984,0.6380918808122364
2021-03-04,0.47730319473437616,0.6581802622195948
2021-03-05,0.4900614318157323,0.6746408806473019
2021-03-08,0.5470336656806863,0.6943866176460007
2021-03-09,0.6380795765920765,0.71411301463771
2021-03-10,0.6134932089912847,0.7198644699255581
2021-03-11,0.6549897852251653,0.7217056173429789
2021-03-12,0.6896453087626121,0.7229092333770979
2021-03-15,0.6418975739962186,0.7225734858179017
2021-03-16,0.697947134265385,0.7279029737482956
2021-03-17,0.664604816943329,0.7309006852927974
2021-03-18,0.7193914208658092,0.7218544896097547
2021-03-19,0.5329973907762894,0.7060012501433663
2021-03-22,0.5324120847679231,0.696125638683625
2021-03-23,0.4526281093730497,0.6856781312860661
2021-03-24,0.4946406631028792,0.6899786358778376
2021-03-25,0.5008565299717906,0.6944968165145631
2021-03-26,0.41008548353116997,0.6935295459666062
2021-03-29,0.34300925872063676,0.689143889942027
2021-03-30,0.3966727346466733,0.6841823644304663
2021-03-31,0.4705913214357275,0.6856936641265912
2021-04-01,0.4757052793502447,0.6876018003070656
2021-04-06,0.46971398467624187,0.6875099285787352
2021-04-07,0.44871084847959497,0.6912198511387458
2021-04-08,0.49593866218484467,0.6985765716900616
2021-04-09,0.6063217743887538,0.7041282235742783
2021-04-12,0.6737536446986758,0.7048871100922908
2021-04-13,0.6796065122980196,0.7088287498012097
2021-04-14,0.7477457164819156,0.716324191026904
2021-04-15,0.6618300497279906,0.7225716913470668
2021-04-16,0.6549702689663621,0.727533402603556
2021-04-19,0.7894881459878184,0.7375093531807686
2021-04-20,0.6945047684539354,0.7359075001030975
2021-04-21,0.7388410209547364,0.7373302943467868
2021-04-22,0.7513407567610828,0.7453692069833292
2021-04-23,0.7574168903437329,0.752816617098028
2021-04-26,0.7382998982081797,0.7550584860124776
2021-04-27,0.728222061271983,0.7580904343970645
2021-04-28,0.7413691676407853,0.7664430349898792
2021-04-29,0.7173075677155649,0.7702649686810334
2021-04-30,0.661663596301552,0.7645734194724717
2021-05-03,0.6708656661529169,0.7642808714583897
2021-05-04,0.6773619774011782,0.7689321065680474
2021-05-05,0.7546075055189232,0.7894020984377565
2021-05-06,0.7584820597158902,0.8058503579851619
2021-05-07,0.7619852975082969,0.8249593968392529
2021-05-10,0.8794687788938588,0.8479088053445482
2021-05-11,0.8232179104032542,0.8593968699422143
2021-05-12,0.8236197959806822,0.8740884531780981
2021-05-13,0.826781649557511,0.8865442013776872
2021-05-14,0.86512312675103,0.8986060394455824
2021-05-17,0.878436678355857,0.9150369514817585
2021-05-18,0.8634305133685866,0.9249155334752511
2021-05-19,0.7112569685137722,0.9105241484524931
2021-05-20,0.8231008074119477,0.9208549859232635
2021-05-21,0.7937180650951335,0.9233620295117939
2021-05-24,0.7930756814291481,0.9280780317128077
2021-05-25,0.7682276940125135,0.9357339134259587
2021-05-26,0.7608604509740396,0.9383437617384935
2021-05-27,0.7029459077275875,0.9325499212420743
2021-05-28,0.71182199261953,0.9376040935328434
2021-05-31,0.6969831904980948,0.9319182381812754
2021-06-01,0.6564675711679588,0.9224609161917275
2021-06-02,0.6693919661824754,0.9190764145667154
2021-06-03,0.6768368116017319,0.920567283896514
2021-06-04,0.6794229162657099,0.9292551833215934
2021-06-07,0.6513285229142447,0.9284848295592167
2021-06-08,0.7626226729904149,0.9214180528687042
2021-06-09,0.6434589251547917,0.9098933622447292
2021-06-10,0.6967370055226408,0.9042429311280086
2021-06-11,0.6361541642581857,0.8933132385168137
2021-06-15,0.6797145891141474,0.8987375769312017
2021-06-16,0.7216029218047074,0.9112296874947267
2021-06-17,0.7839639914718907,0.926906645269959
2021-06-18,0.6194544661649088,0.9187720758466376
2021-06-21,0.4465331960644072,0.8651569740728758
2021-06-22,0.5157507214418391,0.8380907663208037
2021-06-23,0.46544469849237796,0.8068735472890719
2021-06-24,0.42659757255114017,0.776548916540787
2021-06-25,0.4046748610261404,0.7564258248813264
2021-06-28,0.43808093594512104,0.7445247150340177
2021-06-29,0.46773362792103185,0.7392009540121515
2021-06-30,0.46230382088061667,0.7294607564329547
2021-07-01,0.41114659418496985,0.7119508851885931
2021-07-02,0.446058419302902,0.7040248720537806
2021-07-05,0.3722454941129949,0.6950148682018046
2021-07-06,0.308584026729904,0.6832848418802044
2021-07-07,0.30858371770237714,0.6825819438161886
2021-07-08,0.35295695212091066,0.6801858418864036
2021-07-09,0.5207906012936587,0.6711227566558106
2021-07-12,0.4358044201979934,0.6686222079720827
2021-07-13,0.4486194934507642,0.6605563338715199
2021-07-14,0.5028849086530417,0.6574576724861272
2021-07-15,0.4387506381585334,0.6514974443937077
2021-07-16,0.38962695514433965,0.6461260072297039
2021-07-19,0.3171277910695592,0.6381984956970234
2021-07-20,0.341729231741755,0.6318319424548007
2021-07-21,0.4753448678512509,0.6337073326160878
2021-07-22,0.5207708812089586,0.647149618179405
2021-07-23,0.49154756312985665,0.6519771778427743
2021-07-26,0.5296456752827379,0.6561572943088135
2021-07-27,0.5577146100459005,0.6720177467619809
2021-07-28,0.4848373163465192,0.6733255798429731
2021-07-29,0.5463755820241781,0.6755309459060327
2021-07-30,0.5250365811134526,0.678809143282188
2021-08-02,0.6729937647265619,0.6971780618880459
2021-08-03,0.6430567723149121,0.7096368223808228
2021-08-04,0.705573498230754,0.7251379841193819
2021-08-05,0.7486696832229327,0.7460035661222642
2021-08-06,0.7944987678691791,0.7642035342325673
2021-08-09,0.8231381007964811,0.7868173278844319
2021-08-10,0.8365070678137911,0.8160257646670318
2021-08-11,0.8388007097940049,0.8499891915220809
2021-08-12,0.7460017694314506,0.8565056247485567
2021-08-13,0.6564158745108434,0.8449169804378327
2021-08-16,0.5558706415035719,0.8221172404030066
2021-08-17,0.4864798554363136,0.7746116355515056
2021-08-18,0.5043381341922942,0.7423127015692669
2021-08-19,0.4833004667858149,0.7118763094861958
2021-08-20,0.421285769518116,0.6879821633185561
2021-08-23,0.457151523791343,0.676195682875711
2021-08-24,0.42414487670056666,0.6648729462415648
2021-08-25,0.3962153131859467,0.6593312668766604
2021-08-26,0.4084913327985442,0.6604344326927921
2021-08-27,0.384237773423482,0.6657838989984611
2021-08-30,0.28851787513567245,0.6612167842912264
2021-08-31,0.20012869088277163,0.6554051911391078
2021-09-01,0.29744030588799725,0.6579992933001212
2021-09-02,0.37397966569998536,0.6631237581221691
2021-09-03,0.4603466523328886,0.6709615981241523
2021-09-06,0.719531146124594,0.6796520381004458
2021-09-07,0.6818274314159101,0.6862274902804033
2021-09-08,0.7770852450636073,0.6973859352205327
2021-09-09,0.5687510937954148,0.6871428371602561
2021-09-10,0.550182391739954,0.6832193973134381
2021-09-13,0.5786967148448403,0.6816871596644359
2021-09-14,0.5720013403037275,0.6825983274235059
2021-09-15,0.5223724909958505,0.6818613283808268
2021-09-16,0.5716897415071028,0.6925501994479011
2021-09-17,0.6579003286577989,0.7009390945082837
2021-09-20,0.5327697263083465,0.6908536973277078
2021-09-21,0.4578554814615054,0.6790389494545425
2021-09-22,0.4004803284743549,0.6641884254276362
2021-09-23,0.4420097632669508,0.6618109314016207
2021-09-24,0.4729376723508108,0.6671804142863812
2021-09-27,0.5898379748703418,0.6942667426433407
2021-09-28,0.5375294797234308,0.7105890433509939
2021-09-29,0.5825188599128392,0.7120559651956628
2021-09-30,0.6204214864591142,0.7262587839146433
2021-10-01,0.45869649593271294,0.7032316859794125
2021-10-04,0.5800322934072488,0.7249463195731811
2021-10-05,0.5913920109748019,0.744051467665507
2021-10-06,0.5083020857402044,0.741791732462537
2021-10-07,0.5073978541341608,0.7391588567903403
2021-10-08,0.5823681137901012,0.7445519069385494
2021-10-11,0.6004276927194317,0.7498567683851467
2021-10-12,0.6250862164604648,0.7547162671913047
2021-10-13,0.5537445606761593,0.7444103124469782
2021-10-14,0.5002516540809092,0.72518176863975
2021-10-15,0.43363989009009574,0.71244304633573
2021-10-18,0.4937479868310219,0.7151170278088996
2021-10-19,0.5295909219076586,0.7163377702463589
2021-10-20,0.5147409863203777,0.725799522443688
2021-10-21,0.6677382466098496,0.7319797802605827
2021-10-22,0.4805098259816943,0.7355975900749931
2021-10-25,0.4932082285704625,0.7422974596354245
2021-10-26,0.5987441698011677,0.7439156177333333
2021-10-27,0.644163499962762,0.7522693475743987
2021-10-28,0.6326013084022133,0.7639105691305427
2021-10-29,0.4947951771118924,0.7547873576951076
2021-11-01,0.5542323743955088,0.7594167400143398
2021-11-02,0.6126692449940885,0.7578757187703905
2021-11-03,0.7319480648671904,0.7654896850640213
2021-11-04,0.7588789790862408,0.7822419673112189
2021-11-05,0.7487466480755873,0.8036738150677525
2021-11-08,0.7613951614215796,0.8222917367545532
2021-11-09,0.6542233465246028,0.8247578584296991
2021-11-10,0.6615343319317171,0.8257504039225019
2021-11-11,0.5803813672642448,0.8110526636266526
2021-11-12,0.5916815795560884,0.8054635397649026
2021-11-15,0.6025404072231685,0.7987071478440353
2021-11-16,0.5562996799288086,0.7893766062616943
2021-11-17,0.3011980011257135,0.7121444387598664
2021-11-18,0.31178840706441874,0.6391119109179729
2021-11-19,0.2662053448641788,0.5850420760383042
2021-11-22,0.24474745503020262,0.5278162020025632
2021-11-23,0.23656663389009558,0.4926875761786027
2021-11-24,0.19131279541877302,0.4700621376832794
2021-11-25,0.12464314212057451,0.443518635399186
2021-11-26,0.09848694863008148,0.41776010738702013
2021-11-29,0.10051515050788501,0.39235757696734996
2021-11-30,0.0919244811316691,0.3709177345471257
2021-12-01,0.1368138543592349,0.3630886392849891
2021-12-02,0.1823718359642705,0.3764321712169861
2021-12-03,0.2114316833753509,0.3958711185109683
2021-12-06,0.2388749895749983,0.4192326407807102
2021-12-07,0.44166297245208513,0.4435067109457369
2021-12-08,0.5164500988756037,0.46766655748877295
2021-12-09,0.5105697441209639,0.4905933372657204
2021-12-10,0.6022028728892559,0.5085826656009707
2021-12-13,0.5625188888081605,0.5255771442466001
2021-12-14,0.5150130645250173,0.5367044696757818
2021-12-15,0.5645080194921276,0.542160952185996
2021-12-16,0.6252141880205435,0.5468223238838809
2021-12-17,0.7979712670092954,0.5703050246918973
2021-12-20,0.8561903068188,0.5905053308224048
2021-12-21,0.8497888560839436,0.6103508391684672
2021-12-22,0.8002450041208407,0.6281135004128852
2021-12-23,0.7864594745122887,0.6451469883404777
2021-12-24,0.7821628684106359,0.6629148311333634
2021-12-29,0.8128951085734489,0.686975861164104
2021-12-30,0.8144192635621358,0.7085888665961084
2021-12-31,0.6785410562868363,0.7150920311687478
2022-01-04,0.7541484214021996,0.73162731307214
2022-01-05,0.7696406111634916,0.7493612039578074
2022-01-06,0.5969006848708911,0.7368889278453763
2022-01-07,0.701487400825517,0.7475446054215656
2022-01-10,0.7226553196261487,0.7603327279460192
2022-01-11,0.59199400713547,0.7570429622923287
2022-01-12,0.5818813546298481,0.7520873080787089
2022-01-13,0.586420083637688,0.7515664047355421
2022-01-14,0.5312310207914301,0.7402383550507609
2022-01-17,0.5306028486493654,0.7330443522105802
2022-01-18,0.5007035387435665,0.7238034925948593
2022-01-19,0.40899814884691055,0.704460196477187
2022-01-20,0.3750214260170737,0.6832636290617844
2022-01-21,0.37578926408960134,0.6567519374792196
2022-01-24,0.312361657131932,0.6367188044161362
2022-01-25,0.23798975054128452,0.6057287403029932
2022-01-27,0.2680146253736742,0.5690333847174859
2022-01-28,0.22448882560686095,0.556387735065463
2022-01-31,0.15443274977739616,0.53257470086376
2022-02-01,0.18909849108555155,0.5170182890386162
2022-02-02,0.23946224685801926,0.5130020652493648
2022-02-03,0.18685858297475677,0.5014174580189222
2022-02-04,0.24541981427110265,0.49950677008973093
2022-02-07,0.22637862132201236,0.4991979841437072
2022-02-08,0.2503497281186046,0.503305252741619
2022-02-09,0.5021287435316085,0.5499781739824063
2022-02-10,0.5582581884928782,0.5975779523189066
2022-02-11,0.5277926146358476,0.6181282798407767
2022-02-14,0.5620952588037861,0.6466162664231394
2022-02-15,0.6067361272471989,0.66489545199598
2022-02-16,0.6326877871631083,0.6720473561881125
2022-02-17,0.5939929046889273,0.6795564396474046
2022-02-18,0.6280635942604536,0.6769980424276967
2022-02-21,0.6317769343447004,0.6776322777988706
2022-02-22,0.5349422901316614,0.6618948046249539
2022-02-23,0.5982296516798637,0.6548227516835964
2022-02-24,0.5132063326476879,0.6338600208508548
2022-02-25,0.4918742864395284,0.6113309162974465
2022-02-28,0.4716581849059683,0.5910677756694303
2022-03-01,0.3281683965642627,0.5868616233593644
2022-03-02,0.2643718867838834,0.5836009924223119
2022-03-03,0.3161891088360217,0.5805658177761117
2022-03-04,0.22287336499605936,0.5799520322108049
2022-03-07,0.24037993056980445,0.580847693174491
2022-03-08,0.33911154166988455,0.5900989798242983
2022-03-09,0.43164707093645033,0.6126588529387911
2022-03-10,0.5769812834133583,0.6494142621078403
2022-03-11,0.5481578189037687,0.6756387056259229
2022-03-14,0.7295030093226915,0.7168367326107242
2022-03-15,0.7527668997561138,0.762665983596766
2022-03-16,0.886548117763549,0.8052865075842
2022-03-17,0.9544667590178765,0.8481437453425477
2022-03-18,0.9849122372807281,0.8808309405391782
2022-03-21,0.934352091649508,0.8994152368328754
2022-03-22,0.9457232202336135,0.9143164526872799
2022-03-23,0.966813736248037,0.9341348236250839
2022-03-24,0.9595772069629017,0.9458972028479548
2022-03-25,0.8708862743253527,0.9407152540579857
2022-03-28,0.8631125756196135,0.9353414728535586
2022-03-29,0.8433586984301719,0.9299575889364775
2022-03-30,0.8178022264289693,0.9283371237906013
2022-03-31,0.7564628736570954,0.9138963121559961
2022-04-01,0.610726689487799,0.8900492989419275
2022-04-04,0.4922862657211134,0.862498800390806
2022-04-05,0.4747452382311748,0.8438064890482773
2022-04-06,0.4726068785005901,0.8378718765187766
2022-04-07,0.44283773592826875,0.8276337470566701
2022-04-08,0.47859686561799236,0.818955739995519
2022-04-11,0.5333251773676108,0.8223343558829131
2022-04-12,0.45641609866987626,0.8219381093230016
2022-04-13,0.45350927805436464,0.8186678187466994
2022-04-14,0.5301966362040601,0.8140513019894127
2022-04-19,0.5460217192259755,0.8128531614736689
2022-04-20,0.5460213159209675,0.8121366088850295
2022-04-21,0.5667769412647058,0.8187520119109755
2022-04-22,0.4762270009502621,0.7987513114731626
2022-04-26,0.5063459761911057,0.7767544970670545
2022-04-27,0.4619323631135082,0.7445246144829699
2022-04-28,0.44104622559512635,0.7202741765889
2022-04-29,0.40164159431632473,0.7058670697315224
2022-05-02,0.3837717649724871,0.6870220959970555
2022-05-03,0.34956515987916426,0.6664936305597681
2022-05-04,0.29998558929673835,0.6561680981474576
2022-05-05,0.3524556986116798,0.6540328800083931
2022-05-06,0.31587157362369134,0.642235852714559
2022-05-09,0.33201300925939564,0.6353965467985959
2022-05-10,0.2772300745478014,0.622889076384758
2022-05-11,0.25926771066832804,0.6121614994822459
2022-05-12,0.230429652679493,0.6095023865927134
2022-05-13,0.324929503863856,0.6091692292816994
2022-05-16,0.4202769794755486,0.617924430241873
2022-05-17,0.6067920731554053,0.6395416720818158
2022-05-18,0.5771421578488919,0.6543339906826302
2022-05-19,0.49123299747760124,0.6582428686897706
2022-05-20,0.5783481467828895,0.6677888775166378
2022-05-23,0.6164038665307847,0.6745383912236284
2022-05-24,0.6108763739063441,0.684466599713564
2022-05-25,0.6254374399134638,0.7006400433687718
2022-05-26,0.6650688320646607,0.707155668872368
2022-05-27,0.6979982424551089,0.7213440746125167
2022-05-30,0.7662181665413116,0.7313572790180611
2022-05-31,0.6268853164222166,0.7211716861257232
2022-06-01,0.6790220703643248,0.7311931095096049
2022-06-02,0.6126365124485741,0.7283569520455264
2022-06-03,0.568814838630751,0.7236099331870607
2022-06-06,0.4762021869242437,0.7152097371296012
2022-06-07,0.39205409642294164,0.6866769609214356
2022-06-08,0.3089230716434841,0.628724167741183
2022-06-09,0.2355091352403867,0.5639324342035477
2022-06-10,0.2212985532125032,0.5051774405630942
2022-06-14,0.17079828380656922,0.4406915407499918
2022-06-15,0.12400197020205614,0.3882379178047171
2022-06-16,0.1285357165251599,0.3492032792469034
2022-06-17,0.06008038729023158,0.29697228643160456
2022-06-20,0.0720369264018606,0.2626253760118021
2022-06-21,0.16713488527637752,0.2571270182013354
2022-06-22,0.0731813816673959,0.2567695421989073
2022-06-23,0.08870898440198005,0.26265411727531085
2022-06-24,0.10870084098170427,0.27517770051693635
2022-06-27,0.24978400055319838,0.3177829591725365
2022-06-28,0.28426756099213735,0.3536329099792205
2022-06-29,0.35815530463050954,0.3810978115762214
2022-06-30,0.35587857351223745,0.38526137015858325
2022-07-01,0.39659453399599515,0.3943288824506667
2022-07-04,0.5042515250217635,0.41052947522478683
2022-07-05,0.5177243950879701,0.42447722227926776
2022-07-06,0.5493114432156923,0.4443156370925657
2022-07-07,0.734066802489172,0.47099025051817045
2022-07-08,0.6989714611709325,0.49032373976724347
2022-07-11,0.6330967726812909,0.5072375638747338
2022-07-12,0.6740617509274446,0.5309037120870888
2022-07-13,0.6967206918948905,0.5589589943613648
2022-07-14,0.612630021330356,0.5711096001215804
2022-07-15,0.4712221014685713,0.5821855144791879
2022-07-18,0.5286500070101888,0.59955544463937
2022-07-19,0.5868868155990007,0.6196062620731295
2022-07-20,0.8014958567118309,0.6443707201816067
2022-07-21,0.8282070311896693,0.6767296867636274
2022-07-22,0.8171037831979281,0.7034609317330915
2022-07-25,0.7777527727003574,0.7182950854599204
2022-07-26,0.7332134451718435,0.7267176968811732
2022-07-27,0.7610929244436694,0.7498341304361413
2022-07-28,0.8151814221856434,0.774884837379382
2022-07-29,0.8325401233951853,0.8002972128773258
2022-08-01,0.8199130628951578,0.8212040120141906
2022-08-02,0.8179801032142684,0.8429208359216037
2022-08-03,0.8117074648078197,0.846158918111953
2022-08-04,0.8327142015217477,0.8572215824197144
2022-08-05,0.7914807078856679,0.8607114071613734
2022-08-08,0.8001316357884571,0.8707002946687463
2022-08-09,0.7010948867649036,0.865854112551871
2022-08-10,0.6414962105501122,0.8576496746268572
2022-08-11,0.627536872044327,0.8479337792407897
2022-08-12,0.6396244090343502,0.8343026862291579
2022-08-15,0.6629425553724088,0.8227325279765074
2022-08-16,0.6227457660394337,0.8198553329247615
2022-08-17,0.4827995985160554,0.80140362914908
2022-08-18,0.5050202931532448,0.7962985974055802
2022-08-19,0.44800713255801383,0.7826847985437249
2022-08-22,0.37034435677448135,0.7629544378139355
2022-08-23,0.3567601530446201,0.7311577138846109
2022-08-24,0.2933521208298456,0.7070042665489369
2022-08-25,0.3405739570315291,0.6925876329391957
2022-08-26,0.29949105032345325,0.6849376322175948
2022-08-29,0.279988340496761,0.6627842558876083
2022-08-30,0.3035166942101314,0.6476757851265771
2022-08-31,0.35804269118073095,0.6433898476609193
2022-09-01,0.3322355219336931,0.6291607623137385
2022-09-02,0.36880920372996406,0.625616892101721
2022-09-05,0.31001721770511564,0.6199075725713058
2022-09-06,0.3493688765445139,0.6128824336288591
2022-09-07,0.2223014396688281,0.5921976103445408
2022-09-08,0.30843797940587947,0.5856747841763291
2022-09-09,0.3531313982688658,0.5840858592533726
2022-09-12,0.4615265150390914,0.5897749188612631
2022-09-13,0.5252671157691282,0.608284548584211
2022-09-14,0.38310587679407676,0.5960542759136506
2022-09-15,0.3875095839096415,0.5920856409404194
2022-09-16,0.4218995069889514,0.5833471204885261
2022-09-19,0.4283344778007788,0.5809170884944603
2022-09-20,0.4639281966886621,0.5948241559321993
2022-09-21,0.4748355605561176,0.598086126960075
2022-09-23,0.38865777310173005,0.5872083963131051
2022-09-26,0.3995252425107113,0.5794272560353981
2022-09-27,0.40558399394091554,0.5729768291819588
2022-09-28,0.43917657042087815,0.5620379873525875
2022-09-29,0.41737482861884334,0.5593109600721313
2022-09-30,0.3380146542425424,0.539367666441636
2022-10-03,0.3030275541411279,0.5245554690533027
2022-10-04,0.40303942911431034,0.5476381500894688
2022-10-05,0.5827709151618451,0.5868861147133052
2022-10-06,0.5521600757304066,0.6153812784399044
2022-10-07,0.5652219103339238,0.6347325039628653
2022-10-10,0.5043013976955739,0.6388054681519322
2022-10-11,0.4150231765586126,0.6348087092255434
2022-10-12,0.5201457408535773,0.6501895260663777
2022-10-13,0.6280248976688073,0.6770247319852767
2022-10-14,0.6455965075535798,0.704082184654746
2022-10-17,0.6234498452288211,0.7185333255238433
2022-10-18,0.6866304783058584,0.7426773022342699
2022-10-19,0.6886679654741744,0.7663255093334037
2022-10-20,0.7904276175245262,0.7860792996151302
2022-10-21,0.7314694011069182,0.7885061129598333
2022-10-24,0.677666570674858,0.7985640230264194
2022-10-25,0.6502215304146091,0.815275388289336
2022-10-26,0.674132227080937,0.828484002605192
2022-10-27,0.7054173670285332,0.8403764828494384
2022-10-28,0.7974923715065192,0.854101914175425
2022-10-31,0.8732503824224443,0.8743168008614054
2022-11-01,0.8628202334854482,0.8986752472624442
2022-11-02,0.8317556667092487,0.9145566105116594
2022-11-03,0.7229664399084433,0.9126431892634295
2022-11-04,0.6876851120409864,0.8969676979930563
2022-11-07,0.6405930868925769,0.882371209472304
2022-11-08,0.661919743102397,0.8796007990531942
2022-11-09,0.661919743102397,0.8773653557839348
2022-11-10,0.7059174686728295,0.8675230541739316
2022-11-11,0.7206300700751256,0.8715672670208289
2022-11-14,0.6424325313199705,0.8668688461014307
2022-11-15,0.6766091822548772,0.8718721499514049
2022-11-16,0.5739809683037708,0.8585281802110385
2022-11-17,0.5819369918870334,0.8543269207056918
2022-11-18,0.5398771684676634,0.8503902137954009
2022-11-21,0.5169652050920456,0.8512839892788774
2022-11-22,0.5541579906216636,0.8572151028121647
2022-11-23,0.6420819897047085,0.8642624815883395
2022-11-24,0.7233541391996666,0.8671311181705776
2022-11-25,0.7514291043096925,0.8765601606982427
2022-11-28,0.671995372271515,0.87594483091591
2022-11-29,0.640762927852971,0.8700717995111718
2022-11-30,0.6697442873768398,0.8614094933367441
2022-12-01,0.6280479362932876,0.8568965281848959
2022-12-02,0.5831041567239065,0.8396617394694715
2022-12-05,0.5200947855840432,0.8241809442988339
2022-12-06,0.611957480339482,0.806382833156225
2022-12-07,0.48950880304253613,0.7838934580065728
2022-12-08,0.4652602242611977,0.7634314788121034
2022-12-09,0.3881824026763219,0.7434492492100266
2022-12-12,0.3445343446457182,0.7302276103634859
2022-12-13,0.3857680747804467,0.727505415464409
2022-12-14,0.4256748299633919,0.7285408471596627
2022-12-15,0.3198791283383799,0.7277723525328272
2022-12-16,0.31500689920696895,0.7200736706771728
2022-12-19,0.3169400409965972,0.7107430684183916
2022-12-20,0.3135706122360725,0.7006349960264334
2022-12-21,0.23166310714499788,0.6876648581115747
2022-12-22,0.39237275400116256,0.6843617359403156
2022-12-23,0.3479080406680483,0.6753297897742939
2022-12-28,0.2945772617351364,0.6546502053885532
2022-12-29,0.28973486177532787,0.6306062557161091
2022-12-30,0.3378972643340578,0.6163566272568225
2023-01-03,0.2953358938302902,0.5936031454186448
2023-01-04,0.3964248273542634,0.5931793309412151
2023-01-05,0.3477816249784376,0.5951782016427061
2023-01-06,0.3130583254341001,0.596526433040801
2023-01-09,0.3260300754200115,0.5995597607164576
2023-01-10,0.3556094170419809,0.6027736422436849
2023-01-11,0.3834921745153174,0.6077500235676658
2023-01-12,0.4882207563850765,0.6254174889489715
2023-01-13,0.5735337979704909,0.6502218437329426
2023-01-16,0.5720160650917937,0.6766250684000121
2023-01-17,0.6186878734526371,0.6979809237101425
2023-01-18,0.7420657622265352,0.7160861188929046
2023-01-19,0.8539955507791612,0.7383845906455514
2023-01-20,0.8366388247817131,0.754478748016662
2023-01-23,0.9999999999999999,0.7657653066680894
2023-01-24,0.8994163129279448,0.769130872752673
2023-01-25,0.9108502326011766,0.7768296817779404
2023-01-27,0.9433466482751557,0.7897302124288397
2023-01-30,0.9306000495227337,0.797797221574508
2023-01-31,0.9344115102571399,0.8050638222575128
2023-02-01,0.932920512310809,0.8099629065959967
2023-02-02,0.8493076382509357,0.808925475324324
2023-02-03,0.8519564589305398,0.8177730934393904
2023-02-06,0.7738546339937357,0.8198980848930558
2023-02-07,0.7174876844926923,0.8163371968437845
2023-02-08,0.7085470348351747,0.8120721190164344
2023-02-09,0.6325663834508837,0.8062777736552622
2023-02-10,0.6121207689891701,0.7981672525359805
2023-02-13,0.5520634112720324,0.7852560210772991
2023-02-14,0.602354269855416,0.7734668218357481
2023-02-15,0.22182757104663464,0.7137502631283255
2023-02-16,0.11928625382637903,0.6546592913930152
2023-02-17,0.11346191477714779,0.6043887329111335
2023-02-20,0.17950910086222968,0.5757313336122779
2023-02-21,0.16262664228516213,0.5487832809405387
2023-02-22,0.1378011902061922,0.5107727902354938
2023-02-23,0.09528084756817759,0.488367263741295
2023-02-24,0.17576042364844008,0.48333722574767757
2023-02-27,0.19126964370601476,0.4829000400867929
2023-02-28,0.1802205649003584,0.4791987617745532
2023-03-01,0.16109680761120346,0.46556224687789144
2023-03-02,0.1431305555686012,0.4416132339412024
2023-03-03,0.17997077400657344,0.43085477051664134
2023-03-06,0.2158243530929465,0.43189529799145776
2023-03-07,0.3440262850455302,0.43782670315729
2023-03-08,0.37284952881542965,0.441286383450897
2023-03-09,0.404668109174687,0.44908500879257274
2023-03-10,0.258983355107595,0.43240849077549903
2023-03-13,0.2654535890533493,0.41900651274578304
2023-03-14,0.33093731906421175,0.4126642746776746
2023-03-15,0.29774186734617347,0.4116097539055788
2023-03-16,0.20685043412976062,0.41297342959185473
2023-03-17,0.2741198645035769,0.4260832034542377
2023-03-20,0.28309690545891797,0.4362480541714369
2023-03-21,0.3655823305887028,0.45038359179320936
2023-03-22,0.49938752946763504,0.4688899028054664
2023-03-23,0.4500983779239903,0.4848472976030852
2023-03-24,0.328687369147912,0.49010063833461365
2023-03-27,0.27562827381963423,0.4902231363273868
2023-03-28,0.3672878186396808,0.500217181438239
2023-03-29,0.36526133914721237,0.512226946553047
2023-03-30,0.6448185534176788,0.5345990134515226
2023-03-31,0.704267042694681,0.5582040176774671
2023-04-03,0.7331656896386679,0.5855055724159045
2023-04-04,0.7047933895464495,0.6056040695261137
2023-04-05,0.7158051868902472,0.6227506656958409
2023-04-06,0.6657626267561112,0.6363630196108785
2023-04-11,0.7293964625873356,0.6533661619510153
2023-04-12,0.6658772421637644,0.6627282356301473
2023-04-13,0.5603071962164584,0.6622080336650119
2023-04-14,0.6105176756772744,0.6689492410776852
2023-04-17,0.7245142841961333,0.6792503902487751
2023-04-18,0.7622695661688139,0.6845664561658011
2023-04-19,0.7244619662255476,0.6883632697789441
2023-04-20,0.7680433889995852,0.7033984867322302
2023-04-21,0.6213904009043755,0.7059913270557188
2023-04-24,0.6087510864359924,0.7100942237187563
2023-04-26,0.5382541367789118,0.7111498153226729
2023-04-27,0.503086667659517,0.7053064922553982
2023-04-28,0.5144001319610235,0.7024130156959596
2023-05-01,0.576585072927283,0.7083364620505771
2023-05-02,0.515473301870935,0.7098911783939231
2023-05-03,0.44629554910606084,0.6964017234051266
2023-05-04,0.38347611521008257,0.6655957909546807
2023-05-05,0.35365689802059436,0.6444655074935552
2023-05-08,0.3745826219648976,0.6360508254082188
2023-05-09,0.3993976780564178,0.6316161750292875
2023-05-10,0.4273350388737268,0.6326395552026852
2023-05-11,0.3694934009814951,0.6378485540204709
2023-05-12,0.45216971617109963,0.6471458315369386
2023-05-15,0.4138220592879968,0.6510939889112565
2023-05-16,0.3859711309870674,0.6472540546308428
2023-05-17,0.3992598074364566,0.6409872450550108
2023-05-18,0.43208405623697377,0.6432311561402633
2023-05-19,0.46726670234220086,0.6595375179739912
2023-05-22,0.44504096330475174,0.6653626687280588
2023-05-23,0.5486505222668068,0.6742765799818051
2023-05-24,0.7299266469796145,0.685114169144216
2023-05-25,0.5703642501641567,0.676022495085549
2023-05-26,0.546866126417176,0.6723385998344031
2023-05-29,0.5950160006028007,0.6805903694326285
2023-05-30,0.5553555273033283,0.6838908175555574
2023-05-31,0.4340550209927701,0.6674080987969386
2023-06-01,0.40730986018211396,0.6547163374531819
2023-06-02,0.4287685496908763,0.6458497372254681
2023-06-05,0.4914088863061858,0.6438700348434636
2023-06-06,0.471325257557982,0.6352312894828777
2023-06-07,0.39998172931991227,0.6220264078910076
2023-06-08,0.31156152832830863,0.6138407275131164
2023-06-09,0.33859275620121737,0.6073916395270057
2023-06-13,0.3501311505885369,0.6087704251334436
2023-06-14,0.37210066192538116,0.6172927246985213
2023-06-15,0.5103989656217987,0.6294990410217816
2023-06-16,0.5561511298429839,0.6502939587977324
2023-06-19,0.5445259744666663,0.6760021467156084
2023-06-20,0.6147895691047334,0.7048720838953139
2023-06-21,0.7998480384696699,0.727601784413267
2023-06-22,0.6678142981795094,0.7321582521296746
2023-06-23,0.5689697607353343,0.7226613072567162
2023-06-26,0.5150925536850594,0.7100768079692419
2023-06-27,0.5848403936610957,0.7037418869499743
2023-06-28,0.6758422920622533,0.7071907018543183
2023-06-29,0.6858650470543383,0.7136871851075098
2023-06-30,0.697214912178308,0.7198924797254186
2023-07-03,0.6957939641103285,0.7295090191384261
2023-07-04,0.7092285394497942,0.7469772872368322
2023-07-05,0.6620356533331694,0.7558737830094229
2023-07-06,0.5428292463112071,0.7512435018815766
2023-07-07,0.42018303668739504,0.733305309265355
2023-07-10,0.3546281237391979,0.7169066208248498
2023-07-11,0.4093106931776726,0.7122417987641488
2023-07-12,0.45275544260353645,0.7044302011822089
2023-07-13,0.5925448127440366,0.709555961484456
2023-07-14,0.6502990251882342,0.7187602012022246
2023-07-17,0.6515957019190876,0.7297130279406465
2023-07-18,0.6378769603120239,0.7431739692741054
2023-07-19,0.6852060894201245,0.7693398741083202
2023-07-20,0.695647958654557,0.793478949736328
2023-07-21,0.6401999771860882,0.8054932161985817
2023-07-24,0.5901814204203031,0.8124493624439539
2023-07-25,0.6045082772770182,0.814495012005777
2023-07-26,0.7114868366715809,0.8208006354847769
2023-07-27,0.8698777873458399,0.8361343393750433
2023-07-28,0.8077408466418505,0.8381587800243666
2023-07-31,0.7895819257591551,0.8395208115120313
